GCS Storage,none,athome,124298296,category,GLASS TRINKET TRAY,none,none,https://www.athome.com/dw/image/v2/AAYZ_PRD/on/demandware.static/-/Sites-AtHome/default/dw14e953b8/images/124298296.jpg?sw=740&sh=740&sm=fit,https://athome.com/glass-trinket-tray/124298296.html,In Stock
GCS Storage,none,athome,124315443,category,KNOX PILLOW 22IN TAN,none,none,https://www.athome.com/dw/image/v2/AAYZ_PRD/on/demandware.static/-/Sites-AtHome/default/dwc6fe784e/images/124315443.jpg?sw=740&sh=740&sm=fit,https://athome.com/knox-pillow-22in-tan/124315443.html,In Stock
GCS Storage,none,athome,124314739,category,5X4 LIGHT NATURAL EAT SIGN,none,none,https://www.athome.com/dw/image/v2/AAYZ_PRD/on/demandware.static/-/Sites-AtHome/default/dw0a407f7d/images/124314739.jpg?sw=740&sh=740&sm=fit,https://athome.com/5x4-light-natural-eat-sign/124314739.html,In Stock
GCS Storage,none,athome,124311698,category,5X6 MINT GLS FROSTED VS,none,none,https://www.athome.com/dw/image/v2/AAYZ_PRD/on/demandware.static/-/Sites-AtHome/default/dw03ec7348/images/124311698.jpg?sw=740&sh=740&sm=fit,https://athome.com/5x6-mint-gls-frosted-vs/124311698.html,In Stock
GCS Storage,none,athome,124305121,category,"Faux Fur Throw Pillow, 18"" square, White",none,none,https://www.athome.com/dw/image/v2/AAYZ_PRD/on/demandware.static/-/Sites-AtHome/default/dw2053f235/images/124305121.jpg?sw=740&sh=740&sm=fit,https://athome.com/faux-fur-throw-pillow-18-square-white/124305121.html,In Stock
GCS Storage,none,athome,124315444,category,KNOX PILLOW 22IN TEAL,none,none,https://www.athome.com/dw/image/v2/AAYZ_PRD/on/demandware.static/-/Sites-AtHome/default/dw3148d8e3/images/124315444.jpg?sw=740&sh=740&sm=fit,https://athome.com/knox-pillow-22in-teal/124315444.html,In Stock
GCS Storage,none,athome,124315445,category,KNOX PILLOW 22IN SILVER,none,none,https://www.athome.com/dw/image/v2/AAYZ_PRD/on/demandware.static/-/Sites-AtHome/default/dwbedcd685/images/124315445.jpg?sw=740&sh=740&sm=fit,https://athome.com/knox-pillow-22in-silver/124315445.html,In Stock
GCS Storage,none,athome,124301496,category,STAR GAZING RDFOIL BLUE 38X84,none,none,https://www.athome.com/dw/image/v2/AAYZ_PRD/on/demandware.static/-/Sites-AtHome/default/dwdeae729a/images/124301496.jpg?sw=740&sh=740&sm=fit,https://athome.com/star-gazing-rdfoil-blue-38x84/124301496.html,In Stock
GCS Storage,none,athome,124310817,category,Metal Wood Open House Lantern,none,none,https://www.athome.com/dw/image/v2/AAYZ_PRD/on/demandware.static/-/Sites-AtHome/default/dw66573661/images/124310817.jpg?sw=740&sh=740&sm=fit,https://athome.com/metal-wood-open-house-lantern/124310817.html,In Stock
GCS Storage,none,athome,124311696,category,8X15IN MINT GLS FROSTED VS,none,none,https://www.athome.com/dw/image/v2/AAYZ_PRD/on/demandware.static/-/Sites-AtHome/default/dwb5b3e532/images/124311696.jpg?sw=740&sh=740&sm=fit,https://athome.com/8x15in-mint-gls-frosted-vs/124311696.html,In Stock
GCS Storage,none,athome,124315446,category,KNOX PILLOW 22IN ORANGE,none,none,https://www.athome.com/dw/image/v2/AAYZ_PRD/on/demandware.static/-/Sites-AtHome/default/dwf4a7c7eb/images/124315446.jpg?sw=740&sh=740&sm=fit,https://athome.com/knox-pillow-22in-orange/124315446.html,In Stock
GCS Storage,none,athome,124310816,category,Metal Wood Open House Lantern,none,none,https://www.athome.com/dw/image/v2/AAYZ_PRD/on/demandware.static/-/Sites-AtHome/default/dw5d98655c/images/124310816.jpg?sw=740&sh=740&sm=fit,https://athome.com/metal-wood-open-house-lantern/124310816.html,In Stock
GCS Storage,none,athome,124305123,category,"Faux Fur Throw Pillow, 18"" square, Grey",none,none,https://www.athome.com/dw/image/v2/AAYZ_PRD/on/demandware.static/-/Sites-AtHome/default/dwc49101ab/images/124305123.jpg?sw=740&sh=740&sm=fit,https://athome.com/faux-fur-throw-pillow-18-square-grey/124305123.html,In Stock
GCS Storage,none,athome,124311471,category,“Market Fresh” Wooden Wall Sign,none,none,https://www.athome.com/dw/image/v2/AAYZ_PRD/on/demandware.static/-/Sites-AtHome/default/dwc2d1c074/images/124311471.jpg?sw=740&sh=740&sm=fit,https://athome.com/%E2%80%9Cmarket-fresh%E2%80%9D-wooden-wall-sign/124311471.html,In Stock
GCS Storage,none,athome,124314064,category,KYIM DSTRS WHT CNDLHLDR 4X7,none,none,https://www.athome.com/dw/image/v2/AAYZ_PRD/on/demandware.static/-/Sites-AtHome/default/dw2c4e619b/images/124314064.jpg?sw=740&sh=740&sm=fit,https://athome.com/kyim-dstrs-wht-cndlhldr-4x7/124314064.html,In Stock
GCS Storage,none,athome,124305578,category,“Family” Wood Block/Metal Sign,none,none,https://www.athome.com/dw/image/v2/AAYZ_PRD/on/demandware.static/-/Sites-AtHome/default/dwf7b1e753/images/124305578.jpg?sw=740&sh=740&sm=fit,https://athome.com/%E2%80%9Cfamily%E2%80%9D-wood-block-metal-sign/124305578.html,In Stock
GCS Storage,none,athome,124312768,category,LOVE APPLIQUE BLUSH 16X24,none,none,https://www.athome.com/dw/image/v2/AAYZ_PRD/on/demandware.static/-/Sites-AtHome/default/dw4fc50dd8/images/124312768.jpg?sw=740&sh=740&sm=fit,https://athome.com/love-applique-blush-16x24/124312768.html,In Stock
GCS Storage,none,athome,124305127,category,PLEAT VELVET 18IN PILLOW WHITE,none,none,https://www.athome.com/dw/image/v2/AAYZ_PRD/on/demandware.static/-/Sites-AtHome/default/dw7081f8bc/images/124305127.jpg?sw=740&sh=740&sm=fit,https://athome.com/pleat-velvet-18in-pillow-white/124305127.html,In Stock
GCS Storage,none,athome,124305584,category,BLACK MULTI RING DECOR 6X6,none,none,https://www.athome.com/dw/image/v2/AAYZ_PRD/on/demandware.static/-/Sites-AtHome/default/dw55b83a39/images/124305584.jpg?sw=740&sh=740&sm=fit,https://athome.com/black-multi-ring-decor-6x6/124305584.html,In Stock
GCS Storage,none,athome,124301494,category,PEBBLE GEO RD PRINT GREY 38X84,none,none,https://www.athome.com/dw/image/v2/AAYZ_PRD/on/demandware.static/-/Sites-AtHome/default/dw043afa1a/images/124301494.jpg?sw=740&sh=740&sm=fit,https://athome.com/pebble-geo-rd-print-grey-38x84/124301494.html,In Stock
GCS Storage,none,athome,124305606,category,Grace Mitchell Bamboo Mirror Tray,none,none,https://www.athome.com/dw/image/v2/AAYZ_PRD/on/demandware.static/-/Sites-AtHome/default/dwde99325c/images/124305606.jpg?sw=740&sh=740&sm=fit,https://athome.com/grace-mitchell-bamboo-mirror-tray/124305606.html,In Stock
GCS Storage,none,athome,124314727,category,12X5 DISRS WHITE BLESSED SIGN,none,none,https://www.athome.com/dw/image/v2/AAYZ_PRD/on/demandware.static/-/Sites-AtHome/default/dwf7497e84/images/124314727.jpg?sw=740&sh=740&sm=fit,https://athome.com/12x5-disrs-white-blessed-sign/124314727.html,In Stock
GCS Storage,none,athome,124305089,category,"Garret Chenille Throw Pillow, 18"" square, Platinum",none,none,https://www.athome.com/dw/image/v2/AAYZ_PRD/on/demandware.static/-/Sites-AtHome/default/dw939c245a/images/124305089.jpg?sw=740&sh=740&sm=fit,https://athome.com/garret-chenille-throw-pillow-18-square-platinum/124305089.html,In Stock
GCS Storage,none,athome,124305125,category,FAUX FUR 18IN PILLOW NAVY,none,none,https://www.athome.com/dw/image/v2/AAYZ_PRD/on/demandware.static/-/Sites-AtHome/default/dwf7d4e286/images/124305125.jpg?sw=740&sh=740&sm=fit,https://athome.com/faux-fur-18in-pillow-navy/124305125.html,In Stock
GCS Storage,none,athome,124305131,category,PLEAT VELVET 18IN PILLOW NAVY,none,none,https://www.athome.com/dw/image/v2/AAYZ_PRD/on/demandware.static/-/Sites-AtHome/default/dw8031f9ed/images/124305131.jpg?sw=740&sh=740&sm=fit,https://athome.com/pleat-velvet-18in-pillow-navy/124305131.html,In Stock
GCS Storage,none,athome,124306321,category,4IN GLS OWL JAR AMBER CLEAR,none,none,https://www.athome.com/dw/image/v2/AAYZ_PRD/on/demandware.static/-/Sites-AtHome/default/dw7f7039c7/images/124306321.jpg?sw=740&sh=740&sm=fit,https://athome.com/4in-gls-owl-jar-amber-clear/124306321.html,In Stock
GCS Storage,none,athome,124305579,category,WELCOME WOOD BLOCK SIGN 12X6,none,none,https://www.athome.com/dw/image/v2/AAYZ_PRD/on/demandware.static/-/Sites-AtHome/default/dw238810b6/images/124305579.jpg?sw=740&sh=740&sm=fit,https://athome.com/welcome-wood-block-sign-12x6/124305579.html,In Stock
GCS Storage,none,athome,124305130,category,PLEAT VELVET 18IN PILLOW RED,none,none,https://www.athome.com/dw/image/v2/AAYZ_PRD/on/demandware.static/-/Sites-AtHome/default/dw9d7e6bbe/images/124305130.jpg?sw=740&sh=740&sm=fit,https://athome.com/pleat-velvet-18in-pillow-red/124305130.html,In Stock
GCS Storage,none,athome,124312253,category,4X4 SILK SCREEN GLASS BOX,none,none,https://www.athome.com/dw/image/v2/AAYZ_PRD/on/demandware.static/-/Sites-AtHome/default/dwd700e023/images/124312253.jpg?sw=740&sh=740&sm=fit,https://athome.com/4x4-silk-screen-glass-box/124312253.html,Available Nearby
GCS Storage,none,athome,124312254,category,8X5 SILK SCREEN GLASS BOX,none,none,https://www.athome.com/dw/image/v2/AAYZ_PRD/on/demandware.static/-/Sites-AtHome/default/dwd100215d/images/124312254.jpg?sw=740&sh=740&sm=fit,https://athome.com/8x5-silk-screen-glass-box/124312254.html,Out of Stock
