GCS Storage,none,athome,124313408,category,36X24 CANVAS WALL ART,none,none,https://www.athome.com/dw/image/v2/AAYZ_PRD/on/demandware.static/-/Sites-AtHome/default/dw19c740d2/images/124313408.jpg?sw=740&sh=740&sm=fit,https://athome.com/36x24-canvas-wall-art/124313408.html,In Stock
GCS Storage,none,athome,124313405,category,35X35 CANVAS WALL ART,none,none,https://www.athome.com/dw/image/v2/AAYZ_PRD/on/demandware.static/-/Sites-AtHome/default/dw53500ed7/images/124313405.jpg?sw=740&sh=740&sm=fit,https://athome.com/35x35-canvas-wall-art/124313405.html,In Stock
GCS Storage,none,athome,124311473,category,ACCENT UNDER GLASS 15X12,none,none,https://www.athome.com/dw/image/v2/AAYZ_PRD/on/demandware.static/-/Sites-AtHome/default/dw22d875f7/images/124311473.jpg?sw=740&sh=740&sm=fit,https://athome.com/accent-under-glass-15x12/124311473.html,In Stock
GCS Storage,none,athome,124311470,category,Prance IV Wall Art Framed Under Glass,none,none,https://www.athome.com/dw/image/v2/AAYZ_PRD/on/demandware.static/-/Sites-AtHome/default/dw029ccff2/images/124311470.jpg?sw=740&sh=740&sm=fit,https://athome.com/prance-iv-wall-art-framed-under-glass/124311470.html,In Stock
GCS Storage,none,athome,124314602,category,12X16 CANVAS WALL ART,none,none,https://www.athome.com/dw/image/v2/AAYZ_PRD/on/demandware.static/-/Sites-AtHome/default/dw64b38c53/images/124314602.jpg?sw=740&sh=740&sm=fit,https://athome.com/12x16-canvas-wall-art/124314602.html,In Stock
GCS Storage,none,athome,124311480,category,GA CANVAS WALL ART 41X31,none,none,https://www.athome.com/dw/image/v2/AAYZ_PRD/on/demandware.static/-/Sites-AtHome/default/dwa997158f/images/124311480.jpg?sw=740&sh=740&sm=fit,https://athome.com/ga-canvas-wall-art-41x31/124311480.html,In Stock
GCS Storage,none,athome,124311464,category,10X10 CANVAS WALL ART,none,none,https://www.athome.com/dw/image/v2/AAYZ_PRD/on/demandware.static/-/Sites-AtHome/default/dwbc1cf430/images/124311464.jpg?sw=740&sh=740&sm=fit,https://athome.com/10x10-canvas-wall-art/124311464.html,In Stock
GCS Storage,none,athome,124313765,category,24X24 CANVAS WALL ART,none,none,https://www.athome.com/dw/image/v2/AAYZ_PRD/on/demandware.static/-/Sites-AtHome/default/dw5bddf8af/images/124313765.jpg?sw=740&sh=740&sm=fit,https://athome.com/24x24-canvas-wall-art/124313765.html,In Stock
GCS Storage,none,athome,124313766,category,30X30 CANVAS WALL ART,none,none,https://www.athome.com/dw/image/v2/AAYZ_PRD/on/demandware.static/-/Sites-AtHome/default/dwd4e80b9d/images/124313766.jpg?sw=740&sh=740&sm=fit,https://athome.com/30x30-canvas-wall-art/124313766.html,In Stock
GCS Storage,none,athome,124311975,category,11X14 ART UNDER GLASS,none,none,https://www.athome.com/dw/image/v2/AAYZ_PRD/on/demandware.static/-/Sites-AtHome/default/dw947822dc/images/124311975.jpg?sw=740&sh=740&sm=fit,https://athome.com/11x14-art-under-glass/124311975.html,In Stock
GCS Storage,none,athome,124311471,category,“Market Fresh” Wooden Wall Sign,none,none,https://www.athome.com/dw/image/v2/AAYZ_PRD/on/demandware.static/-/Sites-AtHome/default/dwc2d1c074/images/124311471.jpg?sw=740&sh=740&sm=fit,https://athome.com/%E2%80%9Cmarket-fresh%E2%80%9D-wooden-wall-sign/124311471.html,In Stock
GCS Storage,none,athome,124313774,category,20X28 CANVAS WALL ART,none,none,https://www.athome.com/dw/image/v2/AAYZ_PRD/on/demandware.static/-/Sites-AtHome/default/dwc3246054/images/124313774.jpg?sw=740&sh=740&sm=fit,https://athome.com/20x28-canvas-wall-art/124313774.html,In Stock
GCS Storage,none,athome,124311477,category,ALTERNATIVE ACCENT WOOD 9X21,none,none,https://www.athome.com/dw/image/v2/AAYZ_PRD/on/demandware.static/-/Sites-AtHome/default/dw39a65e4f/images/124311477.jpg?sw=740&sh=740&sm=fit,https://athome.com/alternative-accent-wood-9x21/124311477.html,In Stock
GCS Storage,none,athome,124314599,category,12X16 CANVAS WALL ART,none,none,https://www.athome.com/dw/image/v2/AAYZ_PRD/on/demandware.static/-/Sites-AtHome/default/dwcdf1125d/images/124314599.jpg?sw=740&sh=740&sm=fit,https://athome.com/12x16-canvas-wall-art/124314599.html,In Stock
GCS Storage,none,athome,124298832,category,Autumn Trees and Lake Canvas Wall Art,none,none,https://www.athome.com/dw/image/v2/AAYZ_PRD/on/demandware.static/-/Sites-AtHome/default/dw844a9781/images/124298832.jpg?sw=740&sh=740&sm=fit,https://athome.com/autumn-trees-and-lake-canvas-wall-art/124298832.html,In Stock
GCS Storage,none,athome,124311463,category,10X10 CANVAS WALL ART,none,none,https://www.athome.com/dw/image/v2/AAYZ_PRD/on/demandware.static/-/Sites-AtHome/default/dwfe361e2f/images/124311463.jpg?sw=740&sh=740&sm=fit,https://athome.com/10x10-canvas-wall-art/124311463.html,In Stock
GCS Storage,none,athome,124314606,category,12X16 CANVAS WALL ART,none,none,https://www.athome.com/dw/image/v2/AAYZ_PRD/on/demandware.static/-/Sites-AtHome/default/dw2407ffd3/images/124314606.jpg?sw=740&sh=740&sm=fit,https://athome.com/12x16-canvas-wall-art/124314606.html,In Stock
GCS Storage,none,athome,124314604,category,12X16 CANVAS WALL ART,none,none,https://www.athome.com/dw/image/v2/AAYZ_PRD/on/demandware.static/-/Sites-AtHome/default/dw4aab0a72/images/124314604.jpg?sw=740&sh=740&sm=fit,https://athome.com/12x16-canvas-wall-art/124314604.html,In Stock
GCS Storage,none,athome,124302110,category,SA TEX 21X25 BLUE FLORALS,none,none,https://www.athome.com/dw/image/v2/AAYZ_PRD/on/demandware.static/-/Sites-AtHome/default/dw7bfa709c/images/124302110.jpg?sw=740&sh=740&sm=fit,https://athome.com/sa-tex-21x25-blue-florals/124302110.html,In Stock
GCS Storage,none,athome,124314600,category,12X16 CANVAS WALL ART,none,none,https://www.athome.com/dw/image/v2/AAYZ_PRD/on/demandware.static/-/Sites-AtHome/default/dw6f013d4e/images/124314600.jpg?sw=740&sh=740&sm=fit,https://athome.com/12x16-canvas-wall-art/124314600.html,In Stock
GCS Storage,none,athome,124314608,category,12X16 CANVAS WALL ART,none,none,https://www.athome.com/dw/image/v2/AAYZ_PRD/on/demandware.static/-/Sites-AtHome/default/dw1f340418/images/124314608.jpg?sw=740&sh=740&sm=fit,https://athome.com/12x16-canvas-wall-art/124314608.html,In Stock
GCS Storage,none,athome,124297537,category,SA TEX 20X16 TREE BLOSSOMS,none,none,https://www.athome.com/dw/image/v2/AAYZ_PRD/on/demandware.static/-/Sites-AtHome/default/dw9ecda733/images/124297537.jpg?sw=740&sh=740&sm=fit,https://athome.com/sa-tex-20x16-tree-blossoms/124297537.html,Low Stock
GCS Storage,none,athome,124313411,category,20X40 CANVAS WALL ART,none,none,https://www.athome.com/dw/image/v2/AAYZ_PRD/on/demandware.static/-/Sites-AtHome/default/dwbbd023eb/images/124313411.jpg?sw=740&sh=740&sm=fit,https://athome.com/20x40-canvas-wall-art/124313411.html,Low Stock
GCS Storage,none,athome,124313773,category,20X28 CANVAS WALL ART,none,none,https://www.athome.com/dw/image/v2/AAYZ_PRD/on/demandware.static/-/Sites-AtHome/default/dw724316cb/images/124313773.jpg?sw=740&sh=740&sm=fit,https://athome.com/20x28-canvas-wall-art/124313773.html,Low Stock
GCS Storage,none,athome,124314601,category,12X16 CANVAS WALL ART,none,none,https://www.athome.com/dw/image/v2/AAYZ_PRD/on/demandware.static/-/Sites-AtHome/default/dwc57e3fa0/images/124314601.jpg?sw=740&sh=740&sm=fit,https://athome.com/12x16-canvas-wall-art/124314601.html,Low Stock
GCS Storage,none,athome,124313412,category,40X30 CANVAS WALL ART,none,none,https://www.athome.com/dw/image/v2/AAYZ_PRD/on/demandware.static/-/Sites-AtHome/default/dwff021a57/images/124313412.jpg?sw=740&sh=740&sm=fit,https://athome.com/40x30-canvas-wall-art/124313412.html,Available Nearby
GCS Storage,none,athome,124310142,category,Grace Mitchell Floral Wall Art Set,none,none,https://www.athome.com/dw/image/v2/AAYZ_PRD/on/demandware.static/-/Sites-AtHome/default/dwcbea29e9/images/124310142.jpg?sw=740&sh=740&sm=fit,https://athome.com/grace-mitchell-floral-wall-art-set/124310142.html,Available Nearby
GCS Storage,none,athome,124296303,category,Blue/Gold Abstract Textured Canvas Wall Art,none,none,https://www.athome.com/dw/image/v2/AAYZ_PRD/on/demandware.static/-/Sites-AtHome/default/dw7b9552b1/images/124296303.jpg?sw=740&sh=740&sm=fit,https://athome.com/blue-gold-abstract-textured-canvas-wall-art/124296303.html,Available Nearby
GCS Storage,none,athome,124313770,category,12X16 CANVAS WALL ART,none,none,https://www.athome.com/dw/image/v2/AAYZ_PRD/on/demandware.static/-/Sites-AtHome/default/dwcd46fa0d/images/124313770.jpg?sw=740&sh=740&sm=fit,https://athome.com/12x16-canvas-wall-art/124313770.html,Out of Stock
GCS Storage,none,athome,124314605,category,12X16 CANVAS WALL ART,none,none,https://www.athome.com/dw/image/v2/AAYZ_PRD/on/demandware.static/-/Sites-AtHome/default/dwc6cf9b1c/images/124314605.jpg?sw=740&sh=740&sm=fit,https://athome.com/12x16-canvas-wall-art/124314605.html,Available Nearby
