GCS Storage,none,athome,124278359,category,"Money Tree in White Pot, 65""",none,none,https://www.athome.com/dw/image/v2/AAYZ_PRD/on/demandware.static/-/Sites-AtHome/default/dw30a6c3aa/images/124278359.jpg?sw=740&sh=740&sm=fit,https://athome.com/money-tree-in-white-pot-65/124278359.html,Out of Stock
GCS Storage,none,athome,124218734,category,"Agave in Marble Pot, 36""",none,none,https://www.athome.com/dw/image/v2/AAYZ_PRD/on/demandware.static/-/Sites-AtHome/default/dwc93cd271/images/124218734.jpg?sw=740&sh=740&sm=fit,https://athome.com/agave-in-marble-pot-36/124218734.html,Available Nearby
GCS Storage,none,athome,124214431,category,"Fig in Cement/Gold Pot, 40""",none,none,https://www.athome.com/dw/image/v2/AAYZ_PRD/on/demandware.static/-/Sites-AtHome/default/dwb359627f/images/124214431.jpg?sw=740&sh=740&sm=fit,https://athome.com/fig-in-cement-gold-pot-40/124214431.html,Available Nearby
GCS Storage,none,athome,124273633,category,"Eucalyptus Wreath, 24""",none,none,https://www.athome.com/dw/image/v2/AAYZ_PRD/on/demandware.static/-/Sites-AtHome/default/dw3e8aa500/images/124273633.jpg?sw=740&sh=740&sm=fit,https://athome.com/eucalyptus-wreath-24/124273633.html,Available Nearby
GCS Storage,none,athome,124234796,category,6FT BOXWOOD GARLAND,none,none,https://www.athome.com/dw/image/v2/AAYZ_PRD/on/demandware.static/-/Sites-AtHome/default/dwf191e72a/images/124234796.jpg?sw=740&sh=740&sm=fit,https://athome.com/6ft-boxwood-garland/124234796.html,Available Nearby
GCS Storage,none,athome,124251914,category,"5-Bloom Hydrangea Bush, 22""",none,none,https://www.athome.com/dw/image/v2/AAYZ_PRD/on/demandware.static/-/Sites-AtHome/default/dw41f881a8/images/124251914.jpg?sw=740&sh=740&sm=fit,https://athome.com/5-bloom-hydrangea-bush-22/124251914.html,Low Stock
GCS Storage,none,athome,124298503,category,26 L HARVEST TEAR DROP,none,none,https://www.athome.com/dw/image/v2/AAYZ_PRD/on/demandware.static/-/Sites-AtHome/default/dwb3f04025/images/124298503.jpg?sw=740&sh=740&sm=fit,https://athome.com/26-l-harvest-tear-drop/124298503.html,In Stock
GCS Storage,none,athome,124292696,category,"Cactus with Flower in Cement Pot, 7""",none,none,https://www.athome.com/dw/image/v2/AAYZ_PRD/on/demandware.static/-/Sites-AtHome/default/dwf8f0c571/images/124292696.jpg?sw=740&sh=740&sm=fit,https://athome.com/cactus-with-flower-in-cement-pot-7/124292696.html,In Stock
GCS Storage,none,athome,124235083,category,"Yellow/Red Sunflower Wreath, 20""",none,none,https://www.athome.com/dw/image/v2/AAYZ_PRD/on/demandware.static/-/Sites-AtHome/default/dwe6859ece/images/124235083.jpg?sw=740&sh=740&sm=fit,https://athome.com/yellow-red-sunflower-wreath-20/124235083.html,In Stock
GCS Storage,none,athome,124305670,category,"Grace Mitchell Dogwood Spray, 38""",none,none,https://www.athome.com/dw/image/v2/AAYZ_PRD/on/demandware.static/-/Sites-AtHome/default/dwb9acf7e7/images/124305670.jpg?sw=740&sh=740&sm=fit,https://athome.com/grace-mitchell-dogwood-spray-38/124305670.html,In Stock
GCS Storage,none,athome,124259580,category,10IN SUCCULENTPICK PRPL,none,none,https://www.athome.com/dw/image/v2/AAYZ_PRD/on/demandware.static/-/Sites-AtHome/default/dw8829bec4/images/124259580.jpg?sw=740&sh=740&sm=fit,https://athome.com/10in-succulentpick-prpl/124259580.html,In Stock
GCS Storage,none,athome,124266412,category,7.5X6 LETTER KW/CLIP,none,none,https://www.athome.com/dw/image/v2/AAYZ_PRD/on/demandware.static/-/Sites-AtHome/default/dw2888dfa0/images/124266412.jpg?sw=740&sh=740&sm=fit,https://athome.com/7.5x6-letter-kw-clip/124266412.html,In Stock
GCS Storage,none,athome,124210604,category,"Orange Mum & Daisy Wreath, 20""",none,none,https://www.athome.com/dw/image/v2/AAYZ_PRD/on/demandware.static/-/Sites-AtHome/default/dwfb3e020c/images/124210604.jpg?sw=740&sh=740&sm=fit,https://athome.com/orange-mum-daisy-wreath-20/124210604.html,In Stock
GCS Storage,none,athome,124262809,category,41IN RT BIRD OFPARADISE STEM,none,none,https://www.athome.com/dw/image/v2/AAYZ_PRD/on/demandware.static/-/Sites-AtHome/default/dwbb537759/images/124262809.jpg?sw=740&sh=740&sm=fit,https://athome.com/41in-rt-bird-ofparadise-stem/124262809.html,In Stock
GCS Storage,none,athome,124266416,category,8X6 LETTER A W/CLIP,none,none,https://www.athome.com/dw/image/v2/AAYZ_PRD/on/demandware.static/-/Sites-AtHome/default/dw81a99b1f/images/124266416.jpg?sw=740&sh=740&sm=fit,https://athome.com/8x6-letter-a-w-clip/124266416.html,In Stock
GCS Storage,none,athome,124266408,category,8X6 LETTER A W/CLIP,none,none,https://www.athome.com/dw/image/v2/AAYZ_PRD/on/demandware.static/-/Sites-AtHome/default/dwa163441a/images/124266408.jpg?sw=740&sh=740&sm=fit,https://athome.com/8x6-letter-a-w-clip/124266408.html,In Stock
GCS Storage,none,athome,124266419,category,8.5X3 LETTER JW/CLIP,none,none,https://www.athome.com/dw/image/v2/AAYZ_PRD/on/demandware.static/-/Sites-AtHome/default/dw405150b9/images/124266419.jpg?sw=740&sh=740&sm=fit,https://athome.com/8.5x3-letter-jw-clip/124266419.html,In Stock
GCS Storage,none,athome,124266424,category,8X6 LETTER A W/CLIP,none,none,https://www.athome.com/dw/image/v2/AAYZ_PRD/on/demandware.static/-/Sites-AtHome/default/dwe06dee42/images/124266424.jpg?sw=740&sh=740&sm=fit,https://athome.com/8x6-letter-a-w-clip/124266424.html,In Stock
GCS Storage,none,athome,124266426,category,7.5X5 LETTER CW/CLIP,none,none,https://www.athome.com/dw/image/v2/AAYZ_PRD/on/demandware.static/-/Sites-AtHome/default/dw308f92c7/images/124266426.jpg?sw=740&sh=740&sm=fit,https://athome.com/7.5x5-letter-cw-clip/124266426.html,In Stock
GCS Storage,none,athome,124235062,category,"Orange/Yellow Heather Wreath, 22""",none,none,https://www.athome.com/dw/image/v2/AAYZ_PRD/on/demandware.static/-/Sites-AtHome/default/dwe22a6d7f/images/124235062.jpg?sw=740&sh=740&sm=fit,https://athome.com/orange-yellow-heather-wreath-22/124235062.html,In Stock
GCS Storage,none,athome,124266417,category,7.5X LETTER B W/CLIP,none,none,https://www.athome.com/dw/image/v2/AAYZ_PRD/on/demandware.static/-/Sites-AtHome/default/dwe4550e59/images/124266417.jpg?sw=740&sh=740&sm=fit,https://athome.com/7.5x-letter-b-w-clip/124266417.html,In Stock
GCS Storage,none,athome,124266413,category,7.5X6 LETTER LW/CLIP,none,none,https://www.athome.com/dw/image/v2/AAYZ_PRD/on/demandware.static/-/Sites-AtHome/default/dwff90c319/images/124266413.jpg?sw=740&sh=740&sm=fit,https://athome.com/7.5x6-letter-lw-clip/124266413.html,In Stock
GCS Storage,none,athome,124266429,category,7.5X6 LETTER LW/CLIP,none,none,https://www.athome.com/dw/image/v2/AAYZ_PRD/on/demandware.static/-/Sites-AtHome/default/dw5a9c8189/images/124266429.jpg?sw=740&sh=740&sm=fit,https://athome.com/7.5x6-letter-lw-clip/124266429.html,In Stock
GCS Storage,none,athome,124235081,category,12X10 MULTI SUNFLOWER ARR,none,none,https://www.athome.com/dw/image/v2/AAYZ_PRD/on/demandware.static/-/Sites-AtHome/default/dw4fb391dc/images/124235081.jpg?sw=740&sh=740&sm=fit,https://athome.com/12x10-multi-sunflower-arr/124235081.html,In Stock
GCS Storage,none,athome,124266421,category,7.5X6 LETTER LW/CLIP,none,none,https://www.athome.com/dw/image/v2/AAYZ_PRD/on/demandware.static/-/Sites-AtHome/default/dw8f50b182/images/124266421.jpg?sw=740&sh=740&sm=fit,https://athome.com/7.5x6-letter-lw-clip/124266421.html,In Stock
GCS Storage,none,athome,124266431,category,8HX4.5 LETTER SW/CLIP,none,none,https://www.athome.com/dw/image/v2/AAYZ_PRD/on/demandware.static/-/Sites-AtHome/default/dw775e37f6/images/124266431.jpg?sw=740&sh=740&sm=fit,https://athome.com/8hx4.5-letter-sw-clip/124266431.html,In Stock
GCS Storage,none,athome,124266411,category,8.5X3 LETTER JW/CLIP,none,none,https://www.athome.com/dw/image/v2/AAYZ_PRD/on/demandware.static/-/Sites-AtHome/default/dw93a7df81/images/124266411.jpg?sw=740&sh=740&sm=fit,https://athome.com/8.5x3-letter-jw-clip/124266411.html,In Stock
GCS Storage,none,athome,124306186,category,15IN METAL FDL HANGER BRONZE,none,none,https://www.athome.com/dw/image/v2/AAYZ_PRD/on/demandware.static/-/Sites-AtHome/default/dw4621295b/images/124306186.jpg?sw=740&sh=740&sm=fit,https://athome.com/15in-metal-fdl-hanger-bronze/124306186.html,Available Nearby
GCS Storage,none,athome,124278359,category,"Money Tree in White Pot, 65""",none,none,https://www.athome.com/dw/image/v2/AAYZ_PRD/on/demandware.static/-/Sites-AtHome/default/dw30a6c3aa/images/124278359.jpg?sw=740&sh=740&sm=fit,https://athome.com/money-tree-in-white-pot-65/124278359.html,Out of Stock
GCS Storage,none,athome,124292694,category,"Cactus with Flower in Pot, 13""",none,none,https://www.athome.com/dw/image/v2/AAYZ_PRD/on/demandware.static/-/Sites-AtHome/default/dw49ac0056/images/124292694.jpg?sw=740&sh=740&sm=fit,https://athome.com/cactus-with-flower-in-pot-13/124292694.html,Available Nearby
GCS Storage,none,athome,124275976,category,10.25IN H Sansevieria in Cer,none,none,https://www.athome.com/dw/image/v2/AAYZ_PRD/on/demandware.static/-/Sites-AtHome/default/dw007f45b6/images/124275976.jpg?sw=740&sh=740&sm=fit,https://athome.com/10.25in-h-sansevieria-in-cer/124275976.html,Available Nearby
GCS Storage,none,athome,124270158,category,48 CAMELLIA LEAF CONE TOPIARY,none,none,https://www.athome.com/dw/image/v2/AAYZ_PRD/on/demandware.static/-/Sites-AtHome/default/dw7b564511/images/124270158.jpg?sw=740&sh=740&sm=fit,https://athome.com/48-camellia-leaf-cone-topiary/124270158.html,Available Nearby
GCS Storage,none,athome,124262807,category,GREENERY STEM X9 LVS,none,none,https://www.athome.com/dw/image/v2/AAYZ_PRD/on/demandware.static/-/Sites-AtHome/default/dw738eaa38/images/124262807.jpg?sw=740&sh=740&sm=fit,https://athome.com/greenery-stem-x9-lvs/124262807.html,Available Nearby
GCS Storage,none,athome,124246341,category,31  AGAVE W/GREY CEMENT POT,none,none,https://www.athome.com/dw/image/v2/AAYZ_PRD/on/demandware.static/-/Sites-AtHome/default/dw7895e033/images/124246341.jpg?sw=740&sh=740&sm=fit,https://athome.com/31--agave-w-grey-cement-pot/124246341.html,Available Nearby
GCS Storage,none,athome,124234814,category,36  RIVER FERN,none,none,https://www.athome.com/dw/image/v2/AAYZ_PRD/on/demandware.static/-/Sites-AtHome/default/dw31ae8159/images/124234814.jpg?sw=740&sh=740&sm=fit,https://athome.com/36--river-fern/124234814.html,Available Nearby
GCS Storage,none,athome,124246201,category,KYIM 6 FIG BLK/GLD CONTAINER,none,none,https://www.athome.com/dw/image/v2/AAYZ_PRD/on/demandware.static/-/Sites-AtHome/default/dwcbc7b249/images/124246201.jpg?sw=740&sh=740&sm=fit,https://athome.com/kyim-6-fig-blk-gld-container/124246201.html,Available Nearby
