GCS Storage,none,athome,124310809,category,Ridgecrest Charcoal Pouf,none,none,https://www.athome.com/dw/image/v2/AAYZ_PRD/on/demandware.static/-/Sites-AtHome/default/dwbc02cf84/images/124310809.jpg?sw=740&sh=740&sm=fit,https://athome.com/ridgecrest-charcoal-pouf/124310809.html,In Stock
GCS Storage,none,athome,124306283,category,White X-Side Wood Table,none,none,https://www.athome.com/dw/image/v2/AAYZ_PRD/on/demandware.static/-/Sites-AtHome/default/dw9d41e9d9/images/124306283.jpg?sw=740&sh=740&sm=fit,https://athome.com/white-x-side-wood-table/124306283.html,In Stock
GCS Storage,none,athome,124301373,category,Grace Mitchell Grey-Washed Tapered Leg Console Table,none,none,https://www.athome.com/dw/image/v2/AAYZ_PRD/on/demandware.static/-/Sites-AtHome/default/dw6a79e602/images/124301373.jpg?sw=740&sh=740&sm=fit,https://athome.com/grace-mitchell-grey-washed-tapered-leg-console-table/124301373.html,In Stock
GCS Storage,none,athome,124311485,category,Emmy Buffalo Print Stool,none,none,https://www.athome.com/dw/image/v2/AAYZ_PRD/on/demandware.static/-/Sites-AtHome/default/dw0829e940/images/124311485.jpg?sw=740&sh=740&sm=fit,https://athome.com/emmy-buffalo-print-stool/124311485.html,In Stock
GCS Storage,none,athome,124311484,category,Emmy Leopard Gray Stool,none,none,https://www.athome.com/dw/image/v2/AAYZ_PRD/on/demandware.static/-/Sites-AtHome/default/dw69f9bd9d/images/124311484.jpg?sw=740&sh=740&sm=fit,https://athome.com/emmy-leopard-gray-stool/124311484.html,In Stock
GCS Storage,none,athome,124306282,category,Black X-Side Wood Table,none,none,https://www.athome.com/dw/image/v2/AAYZ_PRD/on/demandware.static/-/Sites-AtHome/default/dweeb9f90e/images/124306282.jpg?sw=740&sh=740&sm=fit,https://athome.com/black-x-side-wood-table/124306282.html,In Stock
GCS Storage,none,athome,124306284,category,Espresso X-Side Wood Table,none,none,https://www.athome.com/dw/image/v2/AAYZ_PRD/on/demandware.static/-/Sites-AtHome/default/dw990081e6/images/124306284.jpg?sw=740&sh=740&sm=fit,https://athome.com/espresso-x-side-wood-table/124306284.html,In Stock
GCS Storage,none,athome,124301996,category,Grace Mitchell Brown Tapered Leg Console Table,none,none,https://www.athome.com/dw/image/v2/AAYZ_PRD/on/demandware.static/-/Sites-AtHome/default/dwc2e59396/images/124301996.jpg?sw=740&sh=740&sm=fit,https://athome.com/grace-mitchell-brown-tapered-leg-console-table/124301996.html,In Stock
GCS Storage,none,athome,124301201,category,Grace Mitchell Cortana Dining Table,none,none,https://www.athome.com/dw/image/v2/AAYZ_PRD/on/demandware.static/-/Sites-AtHome/default/dwdc4fe0fb/images/124301201.jpg?sw=740&sh=740&sm=fit,https://athome.com/grace-mitchell-cortana-dining-table/124301201.html,In Stock
GCS Storage,none,athome,124310820,category,Duke Espresso Dining Chair,none,none,https://www.athome.com/dw/image/v2/AAYZ_PRD/on/demandware.static/-/Sites-AtHome/default/dw4bd3bc8e/images/124310820.jpg?sw=740&sh=740&sm=fit,https://athome.com/duke-espresso-dining-chair/124310820.html,In Stock
GCS Storage,none,athome,124303532,category,Warren Black Adjustable Barstool,none,none,https://www.athome.com/dw/image/v2/AAYZ_PRD/on/demandware.static/-/Sites-AtHome/default/dwfea6663b/images/124303532.jpg?sw=740&sh=740&sm=fit,https://athome.com/warren-black-adjustable-barstool/124303532.html,In Stock
GCS Storage,none,athome,124301382,category,Mia Dark Gray Quilted Dining Chair,none,none,https://www.athome.com/dw/image/v2/AAYZ_PRD/on/demandware.static/-/Sites-AtHome/default/dw9ac37dbf/images/124301382.jpg?sw=740&sh=740&sm=fit,https://athome.com/mia-dark-gray-quilted-dining-chair/124301382.html,In Stock
GCS Storage,none,athome,124303544,category,Mya Navy Velvet Slipper Chair,none,none,https://www.athome.com/dw/image/v2/AAYZ_PRD/on/demandware.static/-/Sites-AtHome/default/dw02ec2fe1/images/124303544.jpg?sw=740&sh=740&sm=fit,https://athome.com/mya-navy-velvet-slipper-chair/124303544.html,In Stock
GCS Storage,none,athome,124303533,category,Warren White Adjustable Barstool,none,none,https://www.athome.com/dw/image/v2/AAYZ_PRD/on/demandware.static/-/Sites-AtHome/default/dw51017b28/images/124303533.jpg?sw=740&sh=740&sm=fit,https://athome.com/warren-white-adjustable-barstool/124303533.html,In Stock
GCS Storage,none,athome,124294797,category,Aiden Barstool,none,none,https://www.athome.com/dw/image/v2/AAYZ_PRD/on/demandware.static/-/Sites-AtHome/default/dwaa4eabe9/images/124294797.jpg?sw=740&sh=740&sm=fit,https://athome.com/aiden-barstool/124294797.html,In Stock
GCS Storage,none,athome,124290511,category,Cognac Rally Chair,none,none,https://www.athome.com/dw/image/v2/AAYZ_PRD/on/demandware.static/-/Sites-AtHome/default/dw26c6c22c/images/124290511.jpg?sw=740&sh=740&sm=fit,https://athome.com/cognac-rally-chair/124290511.html,Low Stock
GCS Storage,none,athome,124299104,category,White 3-Tier Folding Bookshelf,none,none,https://www.athome.com/dw/image/v2/AAYZ_PRD/on/demandware.static/-/Sites-AtHome/default/dwf9840d03/images/124299104.jpg?sw=740&sh=740&sm=fit,https://athome.com/white-3-tier-folding-bookshelf/124299104.html,Low Stock
GCS Storage,none,athome,124302825,category,Wooden & Metal Tray Table with Handles,none,none,https://www.athome.com/dw/image/v2/AAYZ_PRD/on/demandware.static/-/Sites-AtHome/default/dw875a5e5d/images/124302825.jpg?sw=740&sh=740&sm=fit,https://athome.com/wooden-metal-tray-table-with-handles/124302825.html,Low Stock
GCS Storage,none,athome,124302350,category,"Grace Mitchell Courtney Tufted Bench, Gray",none,none,https://www.athome.com/dw/image/v2/AAYZ_PRD/on/demandware.static/-/Sites-AtHome/default/dw3de2050a/images/124302350.jpg?sw=740&sh=740&sm=fit,https://athome.com/grace-mitchell-courtney-tufted-bench-gray/124302350.html,Low Stock
GCS Storage,none,athome,124301262,category,Grace Mitchell Courtney Tufted Bench,none,none,https://www.athome.com/dw/image/v2/AAYZ_PRD/on/demandware.static/-/Sites-AtHome/default/dw2955c5ed/images/124301262.jpg?sw=740&sh=740&sm=fit,https://athome.com/grace-mitchell-courtney-tufted-bench/124301262.html,Low Stock
GCS Storage,none,athome,124302821,category,2-Drawer Distressed Wood Wine Rack,none,none,https://www.athome.com/dw/image/v2/AAYZ_PRD/on/demandware.static/-/Sites-AtHome/default/dwe27150e8/images/124302821.jpg?sw=740&sh=740&sm=fit,https://athome.com/2-drawer-distressed-wood-wine-rack/124302821.html,Available Nearby
GCS Storage,none,athome,124310807,category,Ridgecrest Navy Pouf,none,none,https://www.athome.com/dw/image/v2/AAYZ_PRD/on/demandware.static/-/Sites-AtHome/default/dw3b3a48c1/images/124310807.jpg?sw=740&sh=740&sm=fit,https://athome.com/ridgecrest-navy-pouf/124310807.html,Available Nearby
GCS Storage,none,athome,124310808,category,Ridgecrest Mustard Pouf,none,none,https://www.athome.com/dw/image/v2/AAYZ_PRD/on/demandware.static/-/Sites-AtHome/default/dwe1546eb1/images/124310808.jpg?sw=740&sh=740&sm=fit,https://athome.com/ridgecrest-mustard-pouf/124310808.html,Available Nearby
GCS Storage,none,athome,124310806,category,Ridgecrest Avocado Pouf,none,none,https://www.athome.com/dw/image/v2/AAYZ_PRD/on/demandware.static/-/Sites-AtHome/default/dw0c772bc2/images/124310806.jpg?sw=740&sh=740&sm=fit,https://athome.com/ridgecrest-avocado-pouf/124310806.html,Available Nearby
GCS Storage,none,athome,124303542,category,Mya Gray Velvet Slipper Chair,none,none,https://www.athome.com/dw/image/v2/AAYZ_PRD/on/demandware.static/-/Sites-AtHome/default/dwbb860f11/images/124303542.jpg?sw=740&sh=740&sm=fit,https://athome.com/mya-gray-velvet-slipper-chair/124303542.html,Available Nearby
GCS Storage,none,athome,124294796,category,Ainsley Counterstool Kd,none,none,https://www.athome.com/dw/image/v2/AAYZ_PRD/on/demandware.static/-/Sites-AtHome/default/dwd486f502/images/124294796.jpg?sw=740&sh=740&sm=fit,https://athome.com/ainsley-counterstool-kd/124294796.html,Available Nearby
GCS Storage,none,athome,124303543,category,Mya Tan Linen Slipper Chair,none,none,https://www.athome.com/dw/image/v2/AAYZ_PRD/on/demandware.static/-/Sites-AtHome/default/dw61dba8da/images/124303543.jpg?sw=740&sh=740&sm=fit,https://athome.com/mya-tan-linen-slipper-chair/124303543.html,Available Nearby
GCS Storage,none,athome,124302827,category,Double Drawer Side Table with Shelf,none,none,https://www.athome.com/dw/image/v2/AAYZ_PRD/on/demandware.static/-/Sites-AtHome/default/dw55948294/images/124302827.jpg?sw=740&sh=740&sm=fit,https://athome.com/double-drawer-side-table-with-shelf/124302827.html,Available Nearby
GCS Storage,none,athome,124288518,category,Chesterfield Brown Tufted Chair,none,none,https://www.athome.com/dw/image/v2/AAYZ_PRD/on/demandware.static/-/Sites-AtHome/default/dw01ad1323/images/124288518.jpg?sw=740&sh=740&sm=fit,https://athome.com/chesterfield-brown-tufted-chair/124288518.html,Available Nearby
GCS Storage,none,athome,124302839,category,Crossed Metal Table with Glass Top,none,none,https://www.athome.com/dw/image/v2/AAYZ_PRD/on/demandware.static/-/Sites-AtHome/default/dw44c92000/images/124302839.jpg?sw=740&sh=740&sm=fit,https://athome.com/crossed-metal-table-with-glass-top/124302839.html,Available Nearby
